female,male
96.73913043478261,36.885245901639344
92.10526315789474,15.74074074074074
50.0,13.544668587896252
